{"nodes": [[0, "input"], [1, "input"], [2, "output"]], "connections": [[0, 2, 0.7755002347363623, true, 0], [1, 2, 0.4055419314307075, true, 1]]}