{"nodes": [[0, "input"], [1, "input"], [2, "output"]], "connections": [[0, 2, 0.470497941655192, true, 0], [1, 2, -0.4531280375510125, true, 1]]}